Workbook

Sheet Overview Stock-data
A1: Date | B1: Opening-SIX | C1: Opening Alphavantage | D1: Opening MarketStack unAdj | E1: Diff SIX to API | F1: Categorized diff unadj prices opening | G1: Opening StockData | H1: Opening MarketStack adj | I1: Diff opening adj | J1: Categorized diff adj prices opening | K1: Closing SIX | L1: Closing Alphavantage | M1: Closing MarketStack unAdj | N1: diff closing SIX to API | O1: Categorized diff unadj prices closing | P1: Closing StockData | Q1: Closing MarketStack adj | R1: Diff closing adj | S1: Categorized diff adj prices closing
A2: 2025-12-04 | B2: 302.62 | C2: 302.875 | D2: 302.875 | E2: =ABS(Table1[[#This Row],[Opening-SIX]]-Table1[[#This Row],[Opening MarketStack unAdj]]) -> 0.255 | F2: =_xlfn.LET(_xlpm.observed_value, Table1[[#This Row],[Diff SIX to API]], IF(_xlpm.observed_value=0,"0", IF(AND(_xlpm.observed_value>0,_xlpm.observed_value<=0.2),"0 - 0.20", IF(AND(_xlpm.observed_value>0.2,_xlpm.observed_value<=0.4),"0.20 - 0.40", IF(AND(_xlpm.observed_value>0.4,_xlpm.observed_value<=0.6),"0.40 - 0.60", IF(AND(_xlpm.observed_value>0.6,_xlpm.observed_value<=0.8),"0.60 - 0.80", IF(AND(_xlpm.observed_value>0.8,_xlpm.observed_value<=1),"0.80 - 1.00", "1.00 <" ))))))) -> 0.20 - 0.40 | G2: 302.88 | H2: 302.875 | I2: =ABS(Table1[[#This Row],[Opening MarketStack adj]]-Table1[[#This Row],[Opening StockData]]) -> 0.005 | J2: =_xlfn.LET(_xlpm.observed_value, Table1[[#This Row],[Diff opening adj]], IF(_xlpm.observed_value=0,"0", IF(AND(_xlpm.observed_value>0,_xlpm.observed_value<=0.2),"0 - 0.20", IF(AND(_xlpm.observed_value>0.2,_xlpm.observed_value<=0.4),"0.20 - 0.40", IF(AND(_xlpm.observed_value>0.4,_xlpm.observed_value<=0.6),"0.40 - 0.60", IF(AND(_xlpm.observed_value>0.6,_xlpm.observed_value<=0.8),"0.60 - 0.80", IF(AND(_xlpm.observed_value>0.8,_xlpm.observed_value<=1),"0.80 - 1.00", "1.00 <" ))))))) -> 0 - 0.20 | K2: 307.99 | L2: 307.99 | M2: 307.99 | N2: =ABS(Table1[[#This Row],[Closing SIX]]-Table1[[#This Row],[Closing MarketStack unAdj]]) -> 0 | O2: =_xlfn.LET(_xlpm.observed_value, Table1[[#This Row],[diff closing SIX to API]], IF(_xlpm.observed_value=0,"0", IF(AND(_xlpm.observed_value>0,_xlpm.observed_value<=0.2),"0 - 0.20", IF(AND(_xlpm.observed_value>0.2,_xlpm.observed_value<=0.4),"0.20 - 0.40", IF(AND(_xlpm.observed_value>0.4,_xlpm.observed_value<=0.6),"0.40 - 0.60", IF(AND(_xlpm.observed_value>0.6,_xlpm.observed_value<=0.8),"0.60 - 0.80", IF(AND(_xlpm.observed_value>0.8,_xlpm.observed_value<=1),"0.80 - 1.00", "1.00 <" ))))))) -> 0 | P2: 308.04 | Q2: 307.99 | R2: =ABS(Table1[[#This Row],[Closing MarketStack adj]]-Table1[[#This Row],[Closing StockData]]) -> 0.05 | S2: =_xlfn.LET(_xlpm.observed_value, Table1[[#This Row],[Diff closing adj]], IF(_xlpm.observed_value=0,"0", IF(AND(_xlpm.observed_value>0,_xlpm.observed_value<=0.2),"0 - 0.20", IF(AND(_xlpm.observed_value>0.2,_xlpm.observed_value<=0.4),"0.20 - 0.40", IF(AND(_xlpm.observed_value>0.4,_xlpm.observed_value<=0.6),"0.40 - 0.60", IF(AND(_xlpm.observed_value>0.6,_xlpm.observed_value<=0.8),"0.60 - 0.80", IF(AND(_xlpm.observed_value>0.8,_xlpm.observed_value<=1),"0.80 - 1.00", "1.00 <" ))))))) -> 0 - 0.20
A3: 2025-12-03 | B3: 302.88 | C3: 302.88 | D3: 302.88 | E3: =ABS(Table1[[#This Row],[Opening-SIX]]-Table1[[#This Row],[Opening MarketStack unAdj]]) -> 0 | F3: =_xlfn.LET(_xlpm.observed_value, Table1[[#This Row],[Diff SIX to API]], IF(_xlpm.observed_value=0,"0", IF(AND(_xlpm.observed_value>0,_xlpm.observed_value<=0.2),"0 - 0.20", IF(AND(_xlpm.observed_value>0.2,_xlpm.observed_value<=0.4),"0.20 - 0.40", IF(AND(_xlpm.observed_value>0.4,_xlpm.observed_value<=0.6),"0.40 - 0.60", IF(AND(_xlpm.observed_value>0.6,_xlpm.observed_value<=0.8),"0.60 - 0.80", IF(AND(_xlpm.observed_value>0.8,_xlpm.observed_value<=1),"0.80 - 1.00", "1.00 <" ))))))) -> 0 | G3: 302.39 | H3: 302.88 | I3: =ABS(Table1[[#This Row],[Opening MarketStack adj]]-Table1[[#This Row],[Opening StockData]]) -> 0.49 | J3: =_xlfn.LET(_xlpm.observed_value, Table1[[#This Row],[Diff opening adj]], IF(_xlpm.observed_value=0,"0", IF(AND(_xlpm.observed_value>0,_xlpm.observed_value<=0.2),"0 - 0.20", IF(AND(_xlpm.observed_value>0.2,_xlpm.observed_value<=0.4),"0.20 - 0.40", IF(AND(_xlpm.observed_value>0.4,_xlpm.observed_value<=0.6),"0.40 - 0.60", IF(AND(_xlpm.observed_value>0.6,_xlpm.observed_value<=0.8),"0.60 - 0.80", IF(AND(_xlpm.observed_value>0.8,_xlpm.observed_value<=1),"0.80 - 1.00", "1.00 <" ))))))) -> 0.40 - 0.60 | K3: 302.62 | L3: 302.62 | M3: 302.62 | N3: =ABS(Table1[[#This Row],[Closing SIX]]-Table1[[#This Row],[Closing MarketStack unAdj]]) -> 0 | O3: =_xlfn.LET(_xlpm.observed_value, Table1[[#This Row],[diff closing SIX to API]], IF(_xlpm.observed_value=0,"0", IF(AND(_xlpm.observed_value>0,_xlpm.observed_value<=0.2),"0 - 0.20", IF(AND(_xlpm.observed_value>0.2,_xlpm.observed_value<=0.4),"0.20 - 0.40", IF(AND(_xlpm.observed_value>0.4,_xlpm.observed_value<=0.6),"0.40 - 0.60", IF(AND(_xlpm.observed_value>0.6,_xlpm.observed_value<=0.8),"0.60 - 0.80", IF(AND(_xlpm.observed_value>0.8,_xlpm.observed_value<=1),"0.80 - 1.00", "1.00 <" ))))))) -> 0 | P3: 302.83 | Q3: 302.62 | R3: =ABS(Table1[[#This Row],[Closing MarketStack adj]]-Table1[[#This Row],[Closing StockData]]) -> 0.21 | S3: =_xlfn.LET(_xlpm.observed_value, Table1[[#This Row],[Diff closing adj]], IF(_xlpm.observed_value=0,"0", IF(AND(_xlpm.observed_value>0,_xlpm.observed_value<=0.2),"0 - 0.20", IF(AND(_xlpm.observed_value>0.2,_xlpm.observed_value<=0.4),"0.20 - 0.40", IF(AND(_xlpm.observed_value>0.4,_xlpm.observed_value<=0.6),"0.40 - 0.60", IF(AND(_xlpm.observed_value>0.6,_xlpm.observed_value<=0.8),"0.60 - 0.80", IF(AND(_xlpm.observed_value>0.8,_xlpm.observed_value<=1),"0.80 - 1.00", "1.00 <" ))))))) -> 0.20 - 0.40
A4: 2025-12-01 | B4: 306.88 | C4: 306.505 | D4: 306.51 | E4: =ABS(Table1[[#This Row],[Opening-SIX]]-Table1[[#This Row],[Opening MarketStack unAdj]]) -> 0.37 | F4: =_xlfn.LET(_xlpm.observed_value, Table1[[#This Row],[Diff SIX to API]], IF(_xlpm.observed_value=0,"0", IF(AND(_xlpm.observed_value>0,_xlpm.observed_value<=0.2),"0 - 0.20", IF(AND(_xlpm.observed_value>0.2,_xlpm.observed_value<=0.4),"0.20 - 0.40", IF(AND(_xlpm.observed_value>0.4,_xlpm.observed_value<=0.6),"0.40 - 0.60", IF(AND(_xlpm.observed_value>0.6,_xlpm.observed_value<=0.8),"0.60 - 0.80", IF(AND(_xlpm.observed_value>0.8,_xlpm.observed_value<=1),"0.80 - 1.00", "1.00 <" ))))))) -> 0.20 - 0.40 | G4: 305.85 | H4: 306.505 | I4: =ABS(Table1[[#This Row],[Opening MarketStack adj]]-Table1[[#This Row],[Opening StockData]]) -> 0.655 | J4: =_xlfn.LET(_xlpm.observed_value, Table1[[#This Row],[Diff opening adj]], IF(_xlpm.observed_value=0,"0", IF(AND(_xlpm.observed_value>0,_xlpm.observed_value<=0.2),"0 - 0.20", IF(AND(_xlpm.observed_value>0.2,_xlpm.observed_value<=0.4),"0.20 - 0.40", IF(AND(_xlpm.observed_value>0.4,_xlpm.observed_value<=0.6),"0.40 - 0.60", IF(AND(_xlpm.observed_value>0.6,_xlpm.observed_value<=0.8),"0.60 - 0.80", IF(AND(_xlpm.observed_value>0.8,_xlpm.observed_value<=1),"0.80 - 1.00", "1.00 <" ))))))) -> 0.60 - 0.80 | K4: 305.67 | L4: 305.67 | M4: 305.67 | N4: =ABS(Table1[[#This Row],[Closing SIX]]-Table1[[#This Row],[Closing MarketStack unAdj]]) -> 0 | O4: =_xlfn.LET(_xlpm.observed_value, Table1[[#This Row],[diff closing SIX to API]], IF(_xlpm.observed_value=0,"0", IF(AND(_xlpm.observed_value>0,_xlpm.observed_value<=0.2),"0 - 0.20", IF(AND(_xlpm.observed_value>0.2,_xlpm.observed_value<=0.4),"0.20 - 0.40", IF(AND(_xlpm.observed_value>0.4,_xlpm.observed_value<=0.6),"0.40 - 0.60", IF(AND(_xlpm.observed_value>0.6,_xlpm.observed_value<=0.8),"0.60 - 0.80", IF(AND(_xlpm.observed_value>0.8,_xlpm.observed_value<=1),"0.80 - 1.00", "1.00 <" ))))))) -> 0 | P4: 305.81 | Q4: 305.67 | R4: =ABS(Table1[[#This Row],[Closing MarketStack adj]]-Table1[[#This Row],[Closing StockData]]) -> 0.14 | S4: =_xlfn.LET(_xlpm.observed_value, Table1[[#This Row],[Diff closing adj]], IF(_xlpm.observed_value=0,"0", IF(AND(_xlpm.observed_value>0,_xlpm.observed_value<=0.2),"0 - 0.20", IF(AND(_xlpm.observed_value>0.2,_xlpm.observed_value<=0.4),"0.20 - 0.40", IF(AND(_xlpm.observed_value>0.4,_xlpm.observed_value<=0.6),"0.40 - 0.60", IF(AND(_xlpm.observed_value>0.6,_xlpm.observed_value<=0.8),"0.60 - 0.80", IF(AND(_xlpm.observed_value>0.8,_xlpm.observed_value<=1),"0.80 - 1.00", "1.00 <" ))))))) -> 0 - 0.20
A5: 2025-11-28 | B5: 304.06 | C5: 304.06 | D5: 304.06 | E5: =ABS(Table1[[#This Row],[Opening-SIX]]-Table1[[#This Row],[Opening MarketStack unAdj]]) -> 0 | F5: =_xlfn.LET(_xlpm.observed_value, Table1[[#This Row],[Diff SIX to API]], IF(_xlpm.observed_value=0,"0", IF(AND(_xlpm.observed_value>0,_xlpm.observed_value<=0.2),"0 - 0.20", IF(AND(_xlpm.observed_value>0.2,_xlpm.observed_value<=0.4),"0.20 - 0.40", IF(AND(_xlpm.observed_value>0.4,_xlpm.observed_value<=0.6),"0.40 - 0.60", IF(AND(_xlpm.observed_value>0.6,_xlpm.observed_value<=0.8),"0.60 - 0.80", IF(AND(_xlpm.observed_value>0.8,_xlpm.observed_value<=1),"0.80 - 1.00", "1.00 <" ))))))) -> 0 | G5: 304 | H5: 304.06 | I5: =ABS(Table1[[#This Row],[Opening MarketStack adj]]-Table1[[#This Row],[Opening StockData]]) -> 0.06 | J5: =_xlfn.LET(_xlpm.observed_value, Table1[[#This Row],[Diff opening adj]], IF(_xlpm.observed_value=0,"0", IF(AND(_xlpm.observed_value>0,_xlpm.observed_value<=0.2),"0 - 0.20", IF(AND(_xlpm.observed_value>0.2,_xlpm.observed_value<=0.4),"0.20 - 0.40", IF(AND(_xlpm.observed_value>0.4,_xlpm.observed_value<=0.6),"0.40 - 0.60", IF(AND(_xlpm.observed_value>0.6,_xlpm.observed_value<=0.8),"0.60 - 0.80", IF(AND(_xlpm.observed_value>0.8,_xlpm.observed_value<=1),"0.80 - 1.00", "1.00 <" ))))))) -> 0 - 0.20 | K5: 308.58 | L5: 308.58 | M5: 308.58 | N5: =ABS(Table1[[#This Row],[Closing SIX]]-Table1[[#This Row],[Closing MarketStack unAdj]]) -> 0 | O5: =_xlfn.LET(_xlpm.observed_value, Table1[[#This Row],[diff closing SIX to API]], IF(_xlpm.observed_value=0,"0", IF(AND(_xlpm.observed_value>0,_xlpm.observed_value<=0.2),"0 - 0.20", IF(AND(_xlpm.observed_value>0.2,_xlpm.observed_value<=0.4),"0.20 - 0.40", IF(AND(_xlpm.observed_value>0.4,_xlpm.observed_value<=0.6),"0.40 - 0.60", IF(AND(_xlpm.observed_value>0.6,_xlpm.observed_value<=0.8),"0.60 - 0.80", IF(AND(_xlpm.observed_value>0.8,_xlpm.observed_value<=1),"0.80 - 1.00", "1.00 <" ))))))) -> 0 | P5: 308.42 | Q5: 308.58 | R5: =ABS(Table1[[#This Row],[Closing MarketStack adj]]-Table1[[#This Row],[Closing StockData]]) -> 0.16 | S5: =_xlfn.LET(_xlpm.observed_value, Table1[[#This Row],[Diff closing adj]], IF(_xlpm.observed_value=0,"0", IF(AND(_xlpm.observed_value>0,_xlpm.observed_value<=0.2),"0 - 0.20", IF(AND(_xlpm.observed_value>0.2,_xlpm.observed_value<=0.4),"0.20 - 0.40", IF(AND(_xlpm.observed_value>0.4,_xlpm.observed_value<=0.6),"0.40 - 0.60", IF(AND(_xlpm.observed_value>0.6,_xlpm.observed_value<=0.8),"0.60 - 0.80", IF(AND(_xlpm.observed_value>0.8,_xlpm.observed_value<=1),"0.80 - 1.00", "1.00 <" ))))))) -> 0 - 0.20
A6: 2025-11-26 | B6: 305.37 | C6: 305.18 | D6: 305.18 | E6: =ABS(Table1[[#This Row],[Opening-SIX]]-Table1[[#This Row],[Opening MarketStack unAdj]]) -> 0.19 | F6: =_xlfn.LET(_xlpm.observed_value, Table1[[#This Row],[Diff SIX to API]], IF(_xlpm.observed_value=0,"0", IF(AND(_xlpm.observed_value>0,_xlpm.observed_value<=0.2),"0 - 0.20", IF(AND(_xlpm.observed_value>0.2,_xlpm.observed_value<=0.4),"0.20 - 0.40", IF(AND(_xlpm.observed_value>0.4,_xlpm.observed_value<=0.6),"0.40 - 0.60", IF(AND(_xlpm.observed_value>0.6,_xlpm.observed_value<=0.8),"0.60 - 0.80", IF(AND(_xlpm.observed_value>0.8,_xlpm.observed_value<=1),"0.80 - 1.00", "1.00 <" ))))))) -> 0 - 0.20 | G6: 305.2 | H6: 305.18 | I6: =ABS(Table1[[#This Row],[Opening MarketStack adj]]-Table1[[#This Row],[Opening StockData]]) -> 0.02 | J6: =_xlfn.LET(_xlpm.observed_value, Table1[[#This Row],[Diff opening adj]], IF(_xlpm.observed_value=0,"0", IF(AND(_xlpm.observed_value>0,_xlpm.observed_value<=0.2),"0 - 0.20", IF(AND(_xlpm.observed_value>0.2,_xlpm.observed_value<=0.4),"0.20 - 0.40", IF(AND(_xlpm.observed_value>0.4,_xlpm.observed_value<=0.6),"0.40 - 0.60", IF(AND(_xlpm.observed_value>0.6,_xlpm.observed_value<=0.8),"0.60 - 0.80", IF(AND(_xlpm.observed_value>0.8,_xlpm.observed_value<=1),"0.80 - 1.00", "1.00 <" ))))))) -> 0 - 0.20 | K6: 303.21 | L6: 303.21 | M6: 303.21 | N6: =ABS(Table1[[#This Row],[Closing SIX]]-Table1[[#This Row],[Closing MarketStack unAdj]]) -> 0 | O6: =_xlfn.LET(_xlpm.observed_value, Table1[[#This Row],[diff closing SIX to API]], IF(_xlpm.observed_value=0,"0", IF(AND(_xlpm.observed_value>0,_xlpm.observed_value<=0.2),"0 - 0.20", IF(AND(_xlpm.observed_value>0.2,_xlpm.observed_value<=0.4),"0.20 - 0.40", IF(AND(_xlpm.observed_value>0.4,_xlpm.observed_value<=0.6),"0.40 - 0.60", IF(AND(_xlpm.observed_value>0.6,_xlpm.observed_value<=0.8),"0.60 - 0.80", IF(AND(_xlpm.observed_value>0.8,_xlpm.observed_value<=1),"0.80 - 1.00", "1.00 <" ))))))) -> 0 | P6: 303.25 | Q6: 303.21 | R6: =ABS(Table1[[#This Row],[Closing MarketStack adj]]-Table1[[#This Row],[Closing StockData]]) -> 0.04 | S6: =_xlfn.LET(_xlpm.observed_value, Table1[[#This Row],[Diff closing adj]], IF(_xlpm.observed_value=0,"0", IF(AND(_xlpm.observed_value>0,_xlpm.observed_value<=0.2),"0 - 0.20", IF(AND(_xlpm.observed_value>0.2,_xlpm.observed_value<=0.4),"0.20 - 0.40", IF(AND(_xlpm.observed_value>0.4,_xlpm.observed_value<=0.6),"0.40 - 0.60", IF(AND(_xlpm.observed_value>0.6,_xlpm.observed_value<=0.8),"0.60 - 0.80", IF(AND(_xlpm.observed_value>0.8,_xlpm.observed_value<=1),"0.80 - 1.00", "1.00 <" ))))))) -> 0 - 0.20
A7: 2025-11-25 | B7: 304.5 | C7: 304.125 | D7: 304.13 | E7: =ABS(Table1[[#This Row],[Opening-SIX]]-Table1[[#This Row],[Opening MarketStack unAdj]]) -> 0.37 | F7: =_xlfn.LET(_xlpm.observed_value, Table1[[#This Row],[Diff SIX to API]], IF(_xlpm.observed_value=0,"0", IF(AND(_xlpm.observed_value>0,_xlpm.observed_value<=0.2),"0 - 0.20", IF(AND(_xlpm.observed_value>0.2,_xlpm.observed_value<=0.4),"0.20 - 0.40", IF(AND(_xlpm.observed_value>0.4,_xlpm.observed_value<=0.6),"0.40 - 0.60", IF(AND(_xlpm.observed_value>0.6,_xlpm.observed_value<=0.8),"0.60 - 0.80", IF(AND(_xlpm.observed_value>0.8,_xlpm.observed_value<=1),"0.80 - 1.00", "1.00 <" ))))))) -> 0.20 - 0.40 | G7: 304.16 | H7: 304.125 | I7: =ABS(Table1[[#This Row],[Opening MarketStack adj]]-Table1[[#This Row],[Opening StockData]]) -> 0.035 | J7: =_xlfn.LET(_xlpm.observed_value, Table1[[#This Row],[Diff opening adj]], IF(_xlpm.observed_value=0,"0", IF(AND(_xlpm.observed_value>0,_xlpm.observed_value<=0.2),"0 - 0.20", IF(AND(_xlpm.observed_value>0.2,_xlpm.observed_value<=0.4),"0.20 - 0.40", IF(AND(_xlpm.observed_value>0.4,_xlpm.observed_value<=0.6),"0.40 - 0.60", IF(AND(_xlpm.observed_value>0.6,_xlpm.observed_value<=0.8),"0.60 - 0.80", IF(AND(_xlpm.observed_value>0.8,_xlpm.observed_value<=1),"0.80 - 1.00", "1.00 <" ))))))) -> 0 - 0.20 | K7: 304.48 | L7: 304.48 | M7: 304.48 | N7: =ABS(Table1[[#This Row],[Closing SIX]]-Table1[[#This Row],[Closing MarketStack unAdj]]) -> 0 | O7: =_xlfn.LET(_xlpm.observed_value, Table1[[#This Row],[diff closing SIX to API]], IF(_xlpm.observed_value=0,"0", IF(AND(_xlpm.observed_value>0,_xlpm.observed_value<=0.2),"0 - 0.20", IF(AND(_xlpm.observed_value>0.2,_xlpm.observed_value<=0.4),"0.20 - 0.40", IF(AND(_xlpm.observed_value>0.4,_xlpm.observed_value<=0.6),"0.40 - 0.60", IF(AND(_xlpm.observed_value>0.6,_xlpm.observed_value<=0.8),"0.60 - 0.80", IF(AND(_xlpm.observed_value>0.8,_xlpm.observed_value<=1),"0.80 - 1.00", "1.00 <" ))))))) -> 0 | P7: 304.49 | Q7: 304.48 | R7: =ABS(Table1[[#This Row],[Closing MarketStack adj]]-Table1[[#This Row],[Closing StockData]]) -> 0.01 | S7: =_xlfn.LET(_xlpm.observed_value, Table1[[#This Row],[Diff closing adj]], IF(_xlpm.observed_value=0,"0", IF(AND(_xlpm.observed_value>0,_xlpm.observed_value<=0.2),"0 - 0.20", IF(AND(_xlpm.observed_value>0.2,_xlpm.observed_value<=0.4),"0.20 - 0.40", IF(AND(_xlpm.observed_value>0.4,_xlpm.observed_value<=0.6),"0.40 - 0.60", IF(AND(_xlpm.observed_value>0.6,_xlpm.observed_value<=0.8),"0.60 - 0.80", IF(AND(_xlpm.observed_value>0.8,_xlpm.observed_value<=1),"0.80 - 1.00", "1.00 <" ))))))) -> 0 - 0.20
A8: 2025-11-24 | B8: 298.88 | C8: 299.18 | D8: 299.18 | E8: =ABS(Table1[[#This Row],[Opening-SIX]]-Table1[[#This Row],[Opening MarketStack unAdj]]) -> 0.3 | F8: =_xlfn.LET(_xlpm.observed_value, Table1[[#This Row],[Diff SIX to API]], IF(_xlpm.observed_value=0,"0", IF(AND(_xlpm.observed_value>0,_xlpm.observed_value<=0.2),"0 - 0.20", IF(AND(_xlpm.observed_value>0.2,_xlpm.observed_value<=0.4),"0.20 - 0.40", IF(AND(_xlpm.observed_value>0.4,_xlpm.observed_value<=0.6),"0.40 - 0.60", IF(AND(_xlpm.observed_value>0.6,_xlpm.observed_value<=0.8),"0.60 - 0.80", IF(AND(_xlpm.observed_value>0.8,_xlpm.observed_value<=1),"0.80 - 1.00", "1.00 <" ))))))) -> 0.20 - 0.40 | G8: 298.8 | H8: 299.18 | I8: =ABS(Table1[[#This Row],[Opening MarketStack adj]]-Table1[[#This Row],[Opening StockData]]) -> 0.38 | J8: =_xlfn.LET(_xlpm.observed_value, Table1[[#This Row],[Diff opening adj]], IF(_xlpm.observed_value=0,"0", IF(AND(_xlpm.observed_value>0,_xlpm.observed_value<=0.2),"0 - 0.20", IF(AND(_xlpm.observed_value>0.2,_xlpm.observed_value<=0.4),"0.20 - 0.40", IF(AND(_xlpm.observed_value>0.4,_xlpm.observed_value<=0.6),"0.40 - 0.60", IF(AND(_xlpm.observed_value>0.6,_xlpm.observed_value<=0.8),"0.60 - 0.80", IF(AND(_xlpm.observed_value>0.8,_xlpm.observed_value<=1),"0.80 - 1.00", "1.00 <" ))))))) -> 0.20 - 0.40 | K8: 304.12 | L8: 304.12 | M8: 304.12 | N8: =ABS(Table1[[#This Row],[Closing SIX]]-Table1[[#This Row],[Closing MarketStack unAdj]]) -> 0 | O8: =_xlfn.LET(_xlpm.observed_value, Table1[[#This Row],[diff closing SIX to API]], IF(_xlpm.observed_value=0,"0", IF(AND(_xlpm.observed_value>0,_xlpm.observed_value<=0.2),"0 - 0.20", IF(AND(_xlpm.observed_value>0.2,_xlpm.observed_value<=0.4),"0.20 - 0.40", IF(AND(_xlpm.observed_value>0.4,_xlpm.observed_value<=0.6),"0.40 - 0.60", IF(AND(_xlpm.observed_value>0.6,_xlpm.observed_value<=0.8),"0.60 - 0.80", IF(AND(_xlpm.observed_value>0.8,_xlpm.observed_value<=1),"0.80 - 1.00", "1.00 <" ))))))) -> 0 | P8: 304.18 | Q8: 304.12 | R8: =ABS(Table1[[#This Row],[Closing MarketStack adj]]-Table1[[#This Row],[Closing StockData]]) -> 0.06 | S8: =_xlfn.LET(_xlpm.observed_value, Table1[[#This Row],[Diff closing adj]], IF(_xlpm.observed_value=0,"0", IF(AND(_xlpm.observed_value>0,_xlpm.observed_value<=0.2),"0 - 0.20", IF(AND(_xlpm.observed_value>0.2,_xlpm.observed_value<=0.4),"0.20 - 0.40", IF(AND(_xlpm.observed_value>0.4,_xlpm.observed_value<=0.6),"0.40 - 0.60", IF(AND(_xlpm.observed_value>0.6,_xlpm.observed_value<=0.8),"0.60 - 0.80", IF(AND(_xlpm.observed_value>0.8,_xlpm.observed_value<=1),"0.80 - 1.00", "1.00 <" ))))))) -> 0 - 0.20
A9: 2025-11-21 | B9: 293.48 | C9: 293.48 | D9: 293.48 | E9: =ABS(Table1[[#This Row],[Opening-SIX]]-Table1[[#This Row],[Opening MarketStack unAdj]]) -> 0 | F9: =_xlfn.LET(_xlpm.observed_value, Table1[[#This Row],[Diff SIX to API]], IF(_xlpm.observed_value=0,"0", IF(AND(_xlpm.observed_value>0,_xlpm.observed_value<=0.2),"0 - 0.20", IF(AND(_xlpm.observed_value>0.2,_xlpm.observed_value<=0.4),"0.20 - 0.40", IF(AND(_xlpm.observed_value>0.4,_xlpm.observed_value<=0.6),"0.40 - 0.60", IF(AND(_xlpm.observed_value>0.6,_xlpm.observed_value<=0.8),"0.60 - 0.80", IF(AND(_xlpm.observed_value>0.8,_xlpm.observed_value<=1),"0.80 - 1.00", "1.00 <" ))))))) -> 0 | G9: 292.77 | H9: 293.48 | I9: =ABS(Table1[[#This Row],[Opening MarketStack adj]]-Table1[[#This Row],[Opening StockData]]) -> 0.71 | J9: =_xlfn.LET(_xlpm.observed_value, Table1[[#This Row],[Diff opening adj]], IF(_xlpm.observed_value=0,"0", IF(AND(_xlpm.observed_value>0,_xlpm.observed_value<=0.2),"0 - 0.20", IF(AND(_xlpm.observed_value>0.2,_xlpm.observed_value<=0.4),"0.20 - 0.40", IF(AND(_xlpm.observed_value>0.4,_xlpm.observed_value<=0.6),"0.40 - 0.60", IF(AND(_xlpm.observed_value>0.6,_xlpm.observed_value<=0.8),"0.60 - 0.80", IF(AND(_xlpm.observed_value>0.8,_xlpm.observed_value<=1),"0.80 - 1.00", "1.00 <" ))))))) -> 0.60 - 0.80 | K9: 297.44 | L9: 297.44 | M9: 297.44 | N9: =ABS(Table1[[#This Row],[Closing SIX]]-Table1[[#This Row],[Closing MarketStack unAdj]]) -> 0 | O9: =_xlfn.LET(_xlpm.observed_value, Table1[[#This Row],[diff closing SIX to API]], IF(_xlpm.observed_value=0,"0", IF(AND(_xlpm.observed_value>0,_xlpm.observed_value<=0.2),"0 - 0.20", IF(AND(_xlpm.observed_value>0.2,_xlpm.observed_value<=0.4),"0.20 - 0.40", IF(AND(_xlpm.observed_value>0.4,_xlpm.observed_value<=0.6),"0.40 - 0.60", IF(AND(_xlpm.observed_value>0.6,_xlpm.observed_value<=0.8),"0.60 - 0.80", IF(AND(_xlpm.observed_value>0.8,_xlpm.observed_value<=1),"0.80 - 1.00", "1.00 <" ))))))) -> 0 | P9: 297.63 | Q9: 297.44 | R9: =ABS(Table1[[#This Row],[Closing MarketStack adj]]-Table1[[#This Row],[Closing StockData]]) -> 0.19 | S9: =_xlfn.LET(_xlpm.observed_value, Table1[[#This Row],[Diff closing adj]], IF(_xlpm.observed_value=0,"0", IF(AND(_xlpm.observed_value>0,_xlpm.observed_value<=0.2),"0 - 0.20", IF(AND(_xlpm.observed_value>0.2,_xlpm.observed_value<=0.4),"0.20 - 0.40", IF(AND(_xlpm.observed_value>0.4,_xlpm.observed_value<=0.6),"0.40 - 0.60", IF(AND(_xlpm.observed_value>0.6,_xlpm.observed_value<=0.8),"0.60 - 0.80", IF(AND(_xlpm.observed_value>0.8,_xlpm.observed_value<=1),"0.80 - 1.00", "1.00 <" ))))))) -> 0 - 0.20
A10: 2025-11-20 | B10: 295.6 | C10: 294.64 | D10: 294.64 | E10: =ABS(Table1[[#This Row],[Opening-SIX]]-Table1[[#This Row],[Opening MarketStack unAdj]]) -> 0.96 | F10: =_xlfn.LET(_xlpm.observed_value, Table1[[#This Row],[Diff SIX to API]], IF(_xlpm.observed_value=0,"0", IF(AND(_xlpm.observed_value>0,_xlpm.observed_value<=0.2),"0 - 0.20", IF(AND(_xlpm.observed_value>0.2,_xlpm.observed_value<=0.4),"0.20 - 0.40", IF(AND(_xlpm.observed_value>0.4,_xlpm.observed_value<=0.6),"0.40 - 0.60", IF(AND(_xlpm.observed_value>0.6,_xlpm.observed_value<=0.8),"0.60 - 0.80", IF(AND(_xlpm.observed_value>0.8,_xlpm.observed_value<=1),"0.80 - 1.00", "1.00 <" ))))))) -> 0.80 - 1.00 | G10: 294.59 | H10: 294.64 | I10: =ABS(Table1[[#This Row],[Opening MarketStack adj]]-Table1[[#This Row],[Opening StockData]]) -> 0.05 | J10: =_xlfn.LET(_xlpm.observed_value, Table1[[#This Row],[Diff opening adj]], IF(_xlpm.observed_value=0,"0", IF(AND(_xlpm.observed_value>0,_xlpm.observed_value<=0.2),"0 - 0.20", IF(AND(_xlpm.observed_value>0.2,_xlpm.observed_value<=0.4),"0.20 - 0.40", IF(AND(_xlpm.observed_value>0.4,_xlpm.observed_value<=0.6),"0.40 - 0.60", IF(AND(_xlpm.observed_value>0.6,_xlpm.observed_value<=0.8),"0.60 - 0.80", IF(AND(_xlpm.observed_value>0.8,_xlpm.observed_value<=1),"0.80 - 1.00", "1.00 <" ))))))) -> 0 - 0.20 | K10: 290.4 | L10: 290.4 | M10: 290.4 | N10: =ABS(Table1[[#This Row],[Closing SIX]]-Table1[[#This Row],[Closing MarketStack unAdj]]) -> 0 | O10: =_xlfn.LET(_xlpm.observed_value, Table1[[#This Row],[diff closing SIX to API]], IF(_xlpm.observed_value=0,"0", IF(AND(_xlpm.observed_value>0,_xlpm.observed_value<=0.2),"0 - 0.20", IF(AND(_xlpm.observed_value>0.2,_xlpm.observed_value<=0.4),"0.20 - 0.40", IF(AND(_xlpm.observed_value>0.4,_xlpm.observed_value<=0.6),"0.40 - 0.60", IF(AND(_xlpm.observed_value>0.6,_xlpm.observed_value<=0.8),"0.60 - 0.80", IF(AND(_xlpm.observed_value>0.8,_xlpm.observed_value<=1),"0.80 - 1.00", "1.00 <" ))))))) -> 0 | P10: 290.46 | Q10: 290.4 | R10: =ABS(Table1[[#This Row],[Closing MarketStack adj]]-Table1[[#This Row],[Closing StockData]]) -> 0.06 | S10: =_xlfn.LET(_xlpm.observed_value, Table1[[#This Row],[Diff closing adj]], IF(_xlpm.observed_value=0,"0", IF(AND(_xlpm.observed_value>0,_xlpm.observed_value<=0.2),"0 - 0.20", IF(AND(_xlpm.observed_value>0.2,_xlpm.observed_value<=0.4),"0.20 - 0.40", IF(AND(_xlpm.observed_value>0.4,_xlpm.observed_value<=0.6),"0.40 - 0.60", IF(AND(_xlpm.observed_value>0.6,_xlpm.observed_value<=0.8),"0.60 - 0.80", IF(AND(_xlpm.observed_value>0.8,_xlpm.observed_value<=1),"0.80 - 1.00", "1.00 <" ))))))) -> 0 - 0.20
A11: 2025-11-19 | B11: 290.05 | C11: 290.5 | D11: 290.5 | E11: =ABS(Table1[[#This Row],[Opening-SIX]]-Table1[[#This Row],[Opening MarketStack unAdj]]) -> 0.45 | F11: =_xlfn.LET(_xlpm.observed_value, Table1[[#This Row],[Diff SIX to API]], IF(_xlpm.observed_value=0,"0", IF(AND(_xlpm.observed_value>0,_xlpm.observed_value<=0.2),"0 - 0.20", IF(AND(_xlpm.observed_value>0.2,_xlpm.observed_value<=0.4),"0.20 - 0.40", IF(AND(_xlpm.observed_value>0.4,_xlpm.observed_value<=0.6),"0.40 - 0.60", IF(AND(_xlpm.observed_value>0.6,_xlpm.observed_value<=0.8),"0.60 - 0.80", IF(AND(_xlpm.observed_value>0.8,_xlpm.observed_value<=1),"0.80 - 1.00", "1.00 <" ))))))) -> 0.40 - 0.60 | G11: 289.65 | H11: 290.5 | I11: =ABS(Table1[[#This Row],[Opening MarketStack adj]]-Table1[[#This Row],[Opening StockData]]) -> 0.85 | J11: =_xlfn.LET(_xlpm.observed_value, Table1[[#This Row],[Diff opening adj]], IF(_xlpm.observed_value=0,"0", IF(AND(_xlpm.observed_value>0,_xlpm.observed_value<=0.2),"0 - 0.20", IF(AND(_xlpm.observed_value>0.2,_xlpm.observed_value<=0.4),"0.20 - 0.40", IF(AND(_xlpm.observed_value>0.4,_xlpm.observed_value<=0.6),"0.40 - 0.60", IF(AND(_xlpm.observed_value>0.6,_xlpm.observed_value<=0.8),"0.60 - 0.80", IF(AND(_xlpm.observed_value>0.8,_xlpm.observed_value<=1),"0.80 - 1.00", "1.00 <" ))))))) -> 0.80 - 1.00 | K11: 288.53 | L11: 288.53 | M11: 288.53 | N11: =ABS(Table1[[#This Row],[Closing SIX]]-Table1[[#This Row],[Closing MarketStack unAdj]]) -> 0 | O11: =_xlfn.LET(_xlpm.observed_value, Table1[[#This Row],[diff closing SIX to API]], IF(_xlpm.observed_value=0,"0", IF(AND(_xlpm.observed_value>0,_xlpm.observed_value<=0.2),"0 - 0.20", IF(AND(_xlpm.observed_value>0.2,_xlpm.observed_value<=0.4),"0.20 - 0.40", IF(AND(_xlpm.observed_value>0.4,_xlpm.observed_value<=0.6),"0.40 - 0.60", IF(AND(_xlpm.observed_value>0.6,_xlpm.observed_value<=0.8),"0.60 - 0.80", IF(AND(_xlpm.observed_value>0.8,_xlpm.observed_value<=1),"0.80 - 1.00", "1.00 <" ))))))) -> 0 | P11: 288.57 | Q11: 288.53 | R11: =ABS(Table1[[#This Row],[Closing MarketStack adj]]-Table1[[#This Row],[Closing StockData]]) -> 0.04 | S11: =_xlfn.LET(_xlpm.observed_value, Table1[[#This Row],[Diff closing adj]], IF(_xlpm.observed_value=0,"0", IF(AND(_xlpm.observed_value>0,_xlpm.observed_value<=0.2),"0 - 0.20", IF(AND(_xlpm.observed_value>0.2,_xlpm.observed_value<=0.4),"0.20 - 0.40", IF(AND(_xlpm.observed_value>0.4,_xlpm.observed_value<=0.6),"0.40 - 0.60", IF(AND(_xlpm.observed_value>0.6,_xlpm.observed_value<=0.8),"0.60 - 0.80", IF(AND(_xlpm.observed_value>0.8,_xlpm.observed_value<=1),"0.80 - 1.00", "1.00 <" ))))))) -> 0 - 0.20
A12: 2025-11-14 | B12: 300 | C12: 300 | D12: 300 | E12: =ABS(Table1[[#This Row],[Opening-SIX]]-Table1[[#This Row],[Opening MarketStack unAdj]]) -> 0 | F12: =_xlfn.LET(_xlpm.observed_value, Table1[[#This Row],[Diff SIX to API]], IF(_xlpm.observed_value=0,"0", IF(AND(_xlpm.observed_value>0,_xlpm.observed_value<=0.2),"0 - 0.20", IF(AND(_xlpm.observed_value>0.2,_xlpm.observed_value<=0.4),"0.20 - 0.40", IF(AND(_xlpm.observed_value>0.4,_xlpm.observed_value<=0.6),"0.40 - 0.60", IF(AND(_xlpm.observed_value>0.6,_xlpm.observed_value<=0.8),"0.60 - 0.80", IF(AND(_xlpm.observed_value>0.8,_xlpm.observed_value<=1),"0.80 - 1.00", "1.00 <" ))))))) -> 0 | G12: 299.77 | H12: 300 | I12: =ABS(Table1[[#This Row],[Opening MarketStack adj]]-Table1[[#This Row],[Opening StockData]]) -> 0.23 | J12: =_xlfn.LET(_xlpm.observed_value, Table1[[#This Row],[Diff opening adj]], IF(_xlpm.observed_value=0,"0", IF(AND(_xlpm.observed_value>0,_xlpm.observed_value<=0.2),"0 - 0.20", IF(AND(_xlpm.observed_value>0.2,_xlpm.observed_value<=0.4),"0.20 - 0.40", IF(AND(_xlpm.observed_value>0.4,_xlpm.observed_value<=0.6),"0.40 - 0.60", IF(AND(_xlpm.observed_value>0.6,_xlpm.observed_value<=0.8),"0.60 - 0.80", IF(AND(_xlpm.observed_value>0.8,_xlpm.observed_value<=1),"0.80 - 1.00", "1.00 <" ))))))) -> 0.20 - 0.40 | K12: 305.69 | L12: 305.69 | M12: 305.69 | N12: =ABS(Table1[[#This Row],[Closing SIX]]-Table1[[#This Row],[Closing MarketStack unAdj]]) -> 0 | O12: =_xlfn.LET(_xlpm.observed_value, Table1[[#This Row],[diff closing SIX to API]], IF(_xlpm.observed_value=0,"0", IF(AND(_xlpm.observed_value>0,_xlpm.observed_value<=0.2),"0 - 0.20", IF(AND(_xlpm.observed_value>0.2,_xlpm.observed_value<=0.4),"0.20 - 0.40", IF(AND(_xlpm.observed_value>0.4,_xlpm.observed_value<=0.6),"0.40 - 0.60", IF(AND(_xlpm.observed_value>0.6,_xlpm.observed_value<=0.8),"0.60 - 0.80", IF(AND(_xlpm.observed_value>0.8,_xlpm.observed_value<=1),"0.80 - 1.00", "1.00 <" ))))))) -> 0 | P12: 305.74 | Q12: 305.69 | R12: =ABS(Table1[[#This Row],[Closing MarketStack adj]]-Table1[[#This Row],[Closing StockData]]) -> 0.05 | S12: =_xlfn.LET(_xlpm.observed_value, Table1[[#This Row],[Diff closing adj]], IF(_xlpm.observed_value=0,"0", IF(AND(_xlpm.observed_value>0,_xlpm.observed_value<=0.2),"0 - 0.20", IF(AND(_xlpm.observed_value>0.2,_xlpm.observed_value<=0.4),"0.20 - 0.40", IF(AND(_xlpm.observed_value>0.4,_xlpm.observed_value<=0.6),"0.40 - 0.60", IF(AND(_xlpm.observed_value>0.6,_xlpm.observed_value<=0.8),"0.60 - 0.80", IF(AND(_xlpm.observed_value>0.8,_xlpm.observed_value<=1),"0.80 - 1.00", "1.00 <" ))))))) -> 0 - 0.20
A13: 2025-11-13 | B13: 312.29 | C13: 312.29 | D13: 312.29 | E13: =ABS(Table1[[#This Row],[Opening-SIX]]-Table1[[#This Row],[Opening MarketStack unAdj]]) -> 0 | F13: =_xlfn.LET(_xlpm.observed_value, Table1[[#This Row],[Diff SIX to API]], IF(_xlpm.observed_value=0,"0", IF(AND(_xlpm.observed_value>0,_xlpm.observed_value<=0.2),"0 - 0.20", IF(AND(_xlpm.observed_value>0.2,_xlpm.observed_value<=0.4),"0.20 - 0.40", IF(AND(_xlpm.observed_value>0.4,_xlpm.observed_value<=0.6),"0.40 - 0.60", IF(AND(_xlpm.observed_value>0.6,_xlpm.observed_value<=0.8),"0.60 - 0.80", IF(AND(_xlpm.observed_value>0.8,_xlpm.observed_value<=1),"0.80 - 1.00", "1.00 <" ))))))) -> 0 | G13: 312.49 | H13: 312.29 | I13: =ABS(Table1[[#This Row],[Opening MarketStack adj]]-Table1[[#This Row],[Opening StockData]]) -> 0.2 | J13: =_xlfn.LET(_xlpm.observed_value, Table1[[#This Row],[Diff opening adj]], IF(_xlpm.observed_value=0,"0", IF(AND(_xlpm.observed_value>0,_xlpm.observed_value<=0.2),"0 - 0.20", IF(AND(_xlpm.observed_value>0.2,_xlpm.observed_value<=0.4),"0.20 - 0.40", IF(AND(_xlpm.observed_value>0.4,_xlpm.observed_value<=0.6),"0.40 - 0.60", IF(AND(_xlpm.observed_value>0.6,_xlpm.observed_value<=0.8),"0.60 - 0.80", IF(AND(_xlpm.observed_value>0.8,_xlpm.observed_value<=1),"0.80 - 1.00", "1.00 <" ))))))) -> 0 - 0.20 | K13: 304.86 | L13: 304.86 | M13: 304.86 | N13: =ABS(Table1[[#This Row],[Closing SIX]]-Table1[[#This Row],[Closing MarketStack unAdj]]) -> 0 | O13: =_xlfn.LET(_xlpm.observed_value, Table1[[#This Row],[diff closing SIX to API]], IF(_xlpm.observed_value=0,"0", IF(AND(_xlpm.observed_value>0,_xlpm.observed_value<=0.2),"0 - 0.20", IF(AND(_xlpm.observed_value>0.2,_xlpm.observed_value<=0.4),"0.20 - 0.40", IF(AND(_xlpm.observed_value>0.4,_xlpm.observed_value<=0.6),"0.40 - 0.60", IF(AND(_xlpm.observed_value>0.6,_xlpm.observed_value<=0.8),"0.60 - 0.80", IF(AND(_xlpm.observed_value>0.8,_xlpm.observed_value<=1),"0.80 - 1.00", "1.00 <" ))))))) -> 0 | P13: 304.74 | Q13: 304.86 | R13: =ABS(Table1[[#This Row],[Closing MarketStack adj]]-Table1[[#This Row],[Closing StockData]]) -> 0.12 | S13: =_xlfn.LET(_xlpm.observed_value, Table1[[#This Row],[Diff closing adj]], IF(_xlpm.observed_value=0,"0", IF(AND(_xlpm.observed_value>0,_xlpm.observed_value<=0.2),"0 - 0.20", IF(AND(_xlpm.observed_value>0.2,_xlpm.observed_value<=0.4),"0.20 - 0.40", IF(AND(_xlpm.observed_value>0.4,_xlpm.observed_value<=0.6),"0.40 - 0.60", IF(AND(_xlpm.observed_value>0.6,_xlpm.observed_value<=0.8),"0.60 - 0.80", IF(AND(_xlpm.observed_value>0.8,_xlpm.observed_value<=1),"0.80 - 1.00", "1.00 <" ))))))) -> 0 - 0.20
... A97: 2025-07-17 | B97: 281.5 | C97: 281.5 | D97: 281.5 | E97: =ABS(Table1[[#This Row],[Opening-SIX]]-Table1[[#This Row],[Opening MarketStack unAdj]]) -> 0 | F97: =_xlfn.LET(_xlpm.observed_value, Table1[[#This Row],[Diff SIX to API]], IF(_xlpm.observed_value=0,"0", IF(AND(_xlpm.observed_value>0,_xlpm.observed_value<=0.2),"0 - 0.20", IF(AND(_xlpm.observed_value>0.2,_xlpm.observed_value<=0.4),"0.20 - 0.40", IF(AND(_xlpm.observed_value>0.4,_xlpm.observed_value<=0.6),"0.40 - 0.60", IF(AND(_xlpm.observed_value>0.6,_xlpm.observed_value<=0.8),"0.60 - 0.80", IF(AND(_xlpm.observed_value>0.8,_xlpm.observed_value<=1),"0.80 - 1.00", "1.00 <" ))))))) -> 0 | G97: 281.51 | H97: 281.5 | I97: =ABS(Table1[[#This Row],[Opening MarketStack adj]]-Table1[[#This Row],[Opening StockData]]) -> 0.01 | J97: =_xlfn.LET(_xlpm.observed_value, Table1[[#This Row],[Diff opening adj]], IF(_xlpm.observed_value=0,"0", IF(AND(_xlpm.observed_value>0,_xlpm.observed_value<=0.2),"0 - 0.20", IF(AND(_xlpm.observed_value>0.2,_xlpm.observed_value<=0.4),"0.20 - 0.40", IF(AND(_xlpm.observed_value>0.4,_xlpm.observed_value<=0.6),"0.40 - 0.60", IF(AND(_xlpm.observed_value>0.6,_xlpm.observed_value<=0.8),"0.60 - 0.80", IF(AND(_xlpm.observed_value>0.8,_xlpm.observed_value<=1),"0.80 - 1.00", "1.00 <" ))))))) -> 0 - 0.20 | K97: 282 | L97: 282 | M97: 282 | N97: =ABS(Table1[[#This Row],[Closing SIX]]-Table1[[#This Row],[Closing MarketStack unAdj]]) -> 0 | O97: =_xlfn.LET(_xlpm.observed_value, Table1[[#This Row],[diff closing SIX to API]], IF(_xlpm.observed_value=0,"0", IF(AND(_xlpm.observed_value>0,_xlpm.observed_value<=0.2),"0 - 0.20", IF(AND(_xlpm.observed_value>0.2,_xlpm.observed_value<=0.4),"0.20 - 0.40", IF(AND(_xlpm.observed_value>0.4,_xlpm.observed_value<=0.6),"0.40 - 0.60", IF(AND(_xlpm.observed_value>0.6,_xlpm.observed_value<=0.8),"0.60 - 0.80", IF(AND(_xlpm.observed_value>0.8,_xlpm.observed_value<=1),"0.80 - 1.00", "1.00 <" ))))))) -> 0 | P97: 282.04 | Q97: 282 | R97: =ABS(Table1[[#This Row],[Closing MarketStack adj]]-Table1[[#This Row],[Closing StockData]]) -> 0.04 | S97: =_xlfn.LET(_xlpm.observed_value, Table1[[#This Row],[Diff closing adj]], IF(_xlpm.observed_value=0,"0", IF(AND(_xlpm.observed_value>0,_xlpm.observed_value<=0.2),"0 - 0.20", IF(AND(_xlpm.observed_value>0.2,_xlpm.observed_value<=0.4),"0.20 - 0.40", IF(AND(_xlpm.observed_value>0.4,_xlpm.observed_value<=0.6),"0.40 - 0.60", IF(AND(_xlpm.observed_value>0.6,_xlpm.observed_value<=0.8),"0.60 - 0.80", IF(AND(_xlpm.observed_value>0.8,_xlpm.observed_value<=1),"0.80 - 1.00", "1.00 <" ))))))) -> 0 - 0.20

Sheet Graphics
A1: Category | B1: Diff. unadjusted prices opening | C1: Diff. adjusted prices opening
A2: 0 | B2: =COUNTIFS(Table1[Categorized diff unadj prices opening],Graphics!$A2) -> 42 | C2: =COUNTIFS(Table1[Categorized diff adj prices opening],Graphics!$A2) -> 4
A3: 0 - 0.20 | B3: =COUNTIFS(Table1[Categorized diff unadj prices opening],Graphics!$A3) -> 17 | C3: =COUNTIFS(Table1[Categorized diff adj prices opening],Graphics!$A3) -> 45
A4: 0.20 - 0.40 | B4: =COUNTIFS(Table1[Categorized diff unadj prices opening],Graphics!$A4) -> 19 | C4: =COUNTIFS(Table1[Categorized diff adj prices opening],Graphics!$A4) -> 23
A5: 0.40 - 0.60 | B5: =COUNTIFS(Table1[Categorized diff unadj prices opening],Graphics!$A5) -> 7 | C5: =COUNTIFS(Table1[Categorized diff adj prices opening],Graphics!$A5) -> 9
A6: 0.60 - 0.80 | B6: =COUNTIFS(Table1[Categorized diff unadj prices opening],Graphics!$A6) -> 4 | C6: =COUNTIFS(Table1[Categorized diff adj prices opening],Graphics!$A6) -> 10
A7: 0.80 - 1.00 | B7: =COUNTIFS(Table1[Categorized diff unadj prices opening],Graphics!$A7) -> 4 | C7: =COUNTIFS(Table1[Categorized diff adj prices opening],Graphics!$A7) -> 2
A8: 1.00 < | B8: =COUNTIFS(Table1[Categorized diff unadj prices opening],Graphics!$A8) -> 3 | C8: =COUNTIFS(Table1[Categorized diff adj prices opening],Graphics!$A8) -> 3
A10: Category | B10: Diff. unadjusted prices closing | C10: Diff. adjusted prices closing
A11: 0 | B11: =COUNTIFS(Table1[Categorized diff unadj prices closing],Graphics!$A11) -> 96 | C11: =COUNTIFS(Table1[Categorized diff adj prices closing],Graphics!$A11) -> 3
A12: 0 - 0.20 | B12: =COUNTIFS(Table1[Categorized diff unadj prices closing],Graphics!$A12) -> 0 | C12: =COUNTIFS(Table1[Categorized diff adj prices closing],Graphics!$A12) -> 90
A13: 0.20 - 0.40 | B13: =COUNTIFS(Table1[Categorized diff unadj prices closing],Graphics!$A13) -> 0 | C13: =COUNTIFS(Table1[Categorized diff adj prices closing],Graphics!$A13) -> 3
A14: 0.40 - 0.60 | B14: =COUNTIFS(Table1[Categorized diff unadj prices closing],Graphics!$A14) -> 0 | C14: =COUNTIFS(Table1[Categorized diff adj prices closing],Graphics!$A14) -> 0
A15: 0.60 - 0.80 | B15: =COUNTIFS(Table1[Categorized diff unadj prices closing],Graphics!$A15) -> 0 | C15: =COUNTIFS(Table1[Categorized diff adj prices closing],Graphics!$A15) -> 0
A16: 0.80 - 1.00 | B16: =COUNTIFS(Table1[Categorized diff unadj prices closing],Graphics!$A16) -> 0 | C16: =COUNTIFS(Table1[Categorized diff adj prices closing],Graphics!$A16) -> 0
A17: 1.00 < | B17: =COUNTIFS(Table1[Categorized diff unadj prices closing],Graphics!$A17) -> 0 | C17: =COUNTIFS(Table1[Categorized diff adj prices closing],Graphics!$A17) -> 0
